{"cameraMode":{"drawMode":0,"name":"Shaded","section":"Shading Mode"},"sceneLighting":true,"audioPlay":false,"sceneViewState":{"showFog":false,"showMaterialUpdate":false,"showSkybox":true,"showFlares":false,"showImageEffects":false,"showParticleSystems":false},"in2DMode":false,"pivot":{"x":591.031494140625,"y":343.67572021484377,"z":0.195556640625},"rotation":{"x":0.028495779260993005,"y":-0.005997661501169205,"z":0.0001708732743281871,"w":0.999577522277832},"size":389.1005554199219,"orthographic":false}